{
  "AVAXUSDT_20260501_001": -0.3289473684210456,
  "AVAXUSDT_20260501_002": -0.21953896816684493
}