{
  "BTCUSDT": -1.7294499384852686,
  "XRPUSDT": -1.4849414389291604,
  "BTCUSDT_20260415_001": -1.7294499384852686,
  "XRPUSDT_20260418_001": -1.6104294478527539,
  "SOLUSDT_20260418_001": -4.480018426811011,
  "ETHUSDT_20260414_001": -2.983634797588295,
  "BTCUSDT_20260419_001": -2.030528489948423,
  "AVAXUSDT_20260421_001": -0.9635974304068506,
  "BTCUSDT_20260421_001": -0.4828524740651353
}