{
  "BTCUSDT_20260506_001": -2.666647982159259,
  "ETHUSDT_20260506_001": -4.00201689787547,
  "XRPUSDT_20260507_001": -2.9718309859154943,
  "BTCUSDT_20260510_001": -1.1053800886667358,
  "ADAUSDT_20260507_001": -3.851851851851859,
  "SOLUSDT_20260506_001": -2.491506228765575,
  "AVAXUSDT_20260506_001": -1.987447698744783,
  "BTCUSDT_20260513_001": -1.375464916784599,
  "SOLUSDT_20260515_001": -5.825349631097904
}