{
  "ETHUSDT_20260506_001": -3.388049456369755,
  "XRPUSDT_20260507_001": -2.9718309859154943,
  "BTCUSDT_20260506_001": -2.666647982159259
}